<?xml version="1.0" encoding="UTF-8"?>
<!-- Produced by Beyond Compare 4 from Scooter Software -->
<BCSessions Version="1" MinVersion="1">
	<TSessionFolder>
		<Items>
			<TSessionFolder>
				<Items>
					<TDirCompareSession Value="ydma_driver &lt;--> xdma">
						<LastModified Value="2023-06-13 11:22:41"/>
						<Specs>
							<Left Value="D:\wwq\pcie-ydma-linux\ydma_driver"/>
							<Right Value="D:\程序备份\10_PCIE驱动\XDMA\Linux驱动-2020\官方\dma_ip_drivers-master\XDMA\linux-kernel\xdma"/>
						</Specs>
					</TDirCompareSession>
					<TTextCompareSession Value="ydma_cdev.c &lt;--> xdma_cdev.c">
						<LastModified Value="2023-06-13 11:18:00"/>
						<Specs>
							<Left Value="D:\wwq\pcie-ydma-linux\ydma_driver\ydma_cdev.c"/>
							<Right Value="D:\程序备份\10_PCIE驱动\XDMA\Linux驱动-2020\官方\dma_ip_drivers-master\XDMA\linux-kernel\xdma\xdma_cdev.c"/>
						</Specs>
					</TTextCompareSession>
					<TDirCompareSession Value="pciedma">
						<LastModified Value="2023-06-09 14:02:15"/>
						<Specs>
							<Left Value="D:\wwq\pcie_sg_v5_2022\pciedma\pciedma"/>
							<Right Value="D:\wwq\pcie-sg-ku\pciedma-ku-driver\pciedma"/>
						</Specs>
					</TDirCompareSession>
					<TDirCompareSession Value="lib">
						<LastModified Value="2023-06-09 11:38:24"/>
						<Specs>
							<Left Value="D:\wwq\pcie_sg_v5_2022\lib"/>
							<Right Value="D:\wwq\pcie-sg-ku\lib"/>
						</Specs>
					</TDirCompareSession>
					<TDirCompareSession Value="pcie_wrapper">
						<LastModified Value="2023-06-08 19:41:24"/>
						<Specs>
							<Left Value="E:\05_dlx\PXIE93\pxie93SdmaX3DMASim\src\pcie_wrapper"/>
							<Right Value="E:\05_dlx\PXIE93\pcie702_x4_gen2_not_any\src\pcie_wrapper"/>
						</Specs>
					</TDirCompareSession>
					<TDirCompareSession Value="src">
						<LastModified Value="2023-04-25 16:52:39"/>
						<Specs>
							<Left Value="E:\05_dlx\PXIE93\pxie93SdmaX3VideoRx20230201-5.2\src"/>
							<Right Value="E:\05_dlx\PXIE93\DC0930VideoRxDbg\src"/>
						</Specs>
					</TDirCompareSession>
					<TDirCompareSession Value="ddr_wrapper">
						<LastModified Value="2023-03-28 16:05:09"/>
						<Specs>
							<Left Value="E:\05_dlx\PXIE93\pxie93SdmaX3VideoRx20230201-5.1.2-any-rcfg2\src\ddr_wrapper"/>
							<Right Value="E:\dir_dlx\ProjectItemDlx\32_空间中心TES641+FMC131+FMC137\空间中心TES641+FMC131+FMC137-fpga程序\DDR用户示例fpga程序\tes641DdrTest\src\ddr_wrapper"/>
						</Specs>
					</TDirCompareSession>
					<TDirCompareSession Value="pcie_wrapper">
						<LastModified Value="2023-03-15 18:04:44"/>
						<Specs>
							<Left Value="E:\05_dlx\PXIE93\pxie93SdmaX3VideoRx20230201-5.1.2-any\src\pcie_wrapper"/>
							<Right Value="E:\05_dlx\PXIE93\pxie93SdmaX3new1\src\pcie_wrapper"/>
						</Specs>
					</TDirCompareSession>
					<TDirCompareSession Value="tri_mode_ethernet_mac_0_ex">
						<LastModified Value="2023-02-28 11:34:08"/>
						<Specs>
							<Left Value="E:\05_dlx\pcie711_emac_test\tri_mode_ethernet_mac_0_ex"/>
							<Right Value="E:\05_dlx\tri_mode_ethernet_mac_0_ex"/>
						</Specs>
					</TDirCompareSession>
					<TDirCompareSession Value="src">
						<LastModified Value="2023-02-23 15:47:41"/>
						<Specs>
							<Left Value="E:\05_dlx\PXIE93\pxie93SdmaX3VideoRx20230201-5\src"/>
							<Right Value="E:\05_dlx\PXIE93\pxie93SdmaX3VideoRx20230201-5.1\src"/>
						</Specs>
					</TDirCompareSession>
					<TDirCompareSession Value="pcie_wrapper &lt;--> If64">
						<LastModified Value="2023-02-15 16:08:51"/>
						<Specs>
							<Left Value="E:\05_dlx\PXIE93\pcie703Hi3531SdiX2SgDMA\src\pcie_wrapper"/>
							<Right Value="E:\05_dlx\PXIE93\pxie93SdmaX3VideoRx20230201-6\src\pcie_wrapper\If64"/>
						</Specs>
					</TDirCompareSession>
					<TDirCompareSession Value="pxie93SdmaX3DMASim_T4_spix4_zipTstw &lt;--> pxie93SdmaX3VideoRxDyVnPn_p">
						<LastModified Value="2023-02-01 10:07:14"/>
						<Specs>
							<Left Value="E:\05_dlx\PXIE93\pxie93SdmaX3DMASim_T4_spix4_zipTstw"/>
							<Right Value="E:\05_dlx\PXIE93\pxie93SdmaX3VideoRxDyVnPn_p"/>
						</Specs>
					</TDirCompareSession>
					<TDirCompareSession Value="pxie93SdmaX3VideoRx &lt;--> pxie93SdmaX3VideoRxDyVnPn_p">
						<LastModified Value="2023-02-01 09:06:23"/>
						<Specs>
							<Left Value="E:\05_dlx\PXIE93\pxie93SdmaX3VideoRx"/>
							<Right Value="E:\05_dlx\PXIE93\pxie93SdmaX3VideoRxDyVnPn_p"/>
						</Specs>
					</TDirCompareSession>
					<TDirCompareSession Value="pxie93SdmaX3VideoRxDyVnPn &lt;--> pxie93SdmaX3VideoRxDyVnPn_p">
						<LastModified Value="2023-01-31 18:38:29"/>
						<Specs>
							<Left Value="E:\05_dlx\PXIE93\pxie93SdmaX3VideoRxDyVnPn"/>
							<Right Value="E:\05_dlx\PXIE93\pxie93SdmaX3VideoRxDyVnPn_p"/>
						</Specs>
					</TDirCompareSession>
					<TDirCompareSession Value="src">
						<LastModified Value="2023-01-10 18:41:29"/>
						<Specs>
							<Left Value="E:\05_dlx\PXIE93\PAL\pxie93SdmaX3VideoRx\src"/>
							<Right Value="E:\05_dlx\PXIE93\pxie93SdmaX3VideoRx\src"/>
						</Specs>
					</TDirCompareSession>
					<THexCompareSession Value="b_0_2022-11-08-17-35-20-985.dat &lt;--> LoopTest.dat">
						<LastModified Value="2022-11-08 17:36:41"/>
						<Specs>
							<Left Value="E:\05_dlx\pcie731\pcie731\03_demo\win-XdmaMoreB-DDR_exeV2.1.5\b_0_2022-11-08-17-35-20-985.dat"/>
							<Right Value="E:\05_dlx\pcie731\pcie731\03_demo\win-XdmaMoreB-DDR_exeV2.1.5\LoopTest.dat"/>
						</Specs>
					</THexCompareSession>
					<THexCompareSession Value="b_0_2022-11-08-14-32-00-227.dat &lt;--> LoopTest.dat">
						<LastModified Value="2022-11-08 16:01:22"/>
						<Specs>
							<Left Value="E:\05_dlx\pcie731\pcie731\03_demo\win-XdmaMoreB-DDR_exeV2.1.5\b_0_2022-11-08-14-32-00-227.dat"/>
							<Right Value="E:\05_dlx\pcie731\pcie731\03_demo\win-XdmaMoreB-DDR_exeV2.1.5\LoopTest.dat"/>
						</Specs>
					</THexCompareSession>
					<THexCompareSession Value="b_0_2022-11-08-13-38-12-182.dat &lt;--> LoopTest.dat">
						<LastModified Value="2022-11-08 13:42:36"/>
						<Specs>
							<Left Value="E:\05_dlx\pcie731\pcie731\03_demo\win-XdmaMoreB-DDR_exeV2.1.5\b_0_2022-11-08-13-38-12-182.dat"/>
							<Right Value="E:\05_dlx\pcie731\pcie731\03_demo\win-XdmaMoreB-DDR_exeV2.1.5\LoopTest.dat"/>
						</Specs>
					</THexCompareSession>
					<THexCompareSession Value="b_0_2022-11-08-09-38-41-139.dat &lt;--> LoopTest.dat">
						<LastModified Value="2022-11-08 09:39:53"/>
						<Specs>
							<Left Value="E:\05_dlx\pcie731\pcie731\03_demo\win-XdmaMoreB-DDR_exeV2.1.5\b_0_2022-11-08-09-38-41-139.dat"/>
							<Right Value="E:\05_dlx\pcie731\pcie731\03_demo\win-XdmaMoreB-DDR_exeV2.1.5\LoopTest.dat"/>
						</Specs>
					</THexCompareSession>
					<THexCompareSession Value="temp1.dat &lt;--> temp2.dat">
						<LastModified Value="2022-10-22 12:05:58"/>
						<Specs>
							<Left Value="C:\Users\Administrator\Desktop\1024x768x8\temp1.dat"/>
							<Right Value="C:\Users\Administrator\Desktop\1024x768x8\temp2.dat"/>
						</Specs>
					</THexCompareSession>
					<TTextCompareSession Value="temp1.dat &lt;--> temp2.dat">
						<LastModified Value="2022-10-22 12:02:12"/>
						<Specs>
							<Left Value="C:\Users\Administrator\Desktop\1024x768x8\temp1.dat"/>
							<Right Value="C:\Users\Administrator\Desktop\1024x768x8\temp2.dat"/>
						</Specs>
					</TTextCompareSession>
					<TTextCompareSession Value="FMC128_V40_SCH_20201228.pdf &lt;--> FMC128_V41_20211216.pdf">
						<LastModified Value="2022-05-30 14:05:37"/>
						<Specs>
							<Left Value="E:\dir_dlx\ProjectItemDlx\27_54suoPcie702FMC128\FMC128_V40_SCH_20201228.pdf"/>
							<Right Value="E:\dir_dlx\ProjectItemDlx\27_54suoPcie702FMC128\FMC128_V41_20211216.pdf"/>
						</Specs>
					</TTextCompareSession>
				</Items>
			</TSessionFolder>
		</Items>
	</TSessionFolder>
</BCSessions>
