<?xml version="1.0" encoding="UTF-8"?>
<!-- Produced by Beyond Compare 4 from Scooter Software -->
<BCState Version="1" MinVersion="1">
	<TBcState>
		<FirstStartup Value="False"/>
		<FormPositions>
			<THexInfoDialog Value="675;288;1244;762"/>
			<TProfileBrowseDialog Value="508;134;1350;945"/>
			<TTextCompareSessionDialog Value="661;224;1259;825"/>
			<TViewFrame Value="1004;173;1802;720;3"/>
		</FormPositions>
	</TBcState>
	<TDirCompareState>
		<LeftMRUSpecs>
			<_0 Value="D:\wwq\pcie-ydma-linux\ydma_driver"/>
			<_1 Value="D:\wwq\pcie_sg_v5_2022\pciedma\pciedma"/>
			<_2 Value="D:\wwq\pcie_sg_v5_2022\lib"/>
			<_3 Value="E:\05_dlx\PXIE93\pxie93SdmaX3DMASim\src\pcie_wrapper"/>
			<_4 Value="E:\05_dlx\PXIE93\pxie93SdmaX3VideoRx20230201-5.2\src"/>
			<_5 Value="E:\05_dlx\PXIE93\pxie93SdmaX3VideoRx20230201-5.1.2-any-rcfg2\src\ddr_wrapper"/>
			<_6 Value="E:\05_dlx\PXIE93\pxie93SdmaX3VideoRx20230201-5.1.2-any\src\pcie_wrapper"/>
			<_7 Value="E:\05_dlx\pcie711_emac_test\tri_mode_ethernet_mac_0_ex"/>
			<_8 Value="E:\05_dlx\PXIE93\pxie93SdmaX3VideoRx20230201-5\src"/>
		</LeftMRUSpecs>
		<LogHeight Value="0"/>
		<RightMRUSpecs>
			<_0 Value="D:\程序备份\10_PCIE驱动\XDMA\Linux驱动-2020\官方\dma_ip_drivers-master\XDMA\linux-kernel\xdma"/>
			<_1 Value="D:\wwq\pcie-sg-ku\pciedma-ku-driver\pciedma"/>
			<_2 Value="D:\wwq\pcie-sg-ku\lib"/>
			<_3 Value="E:\05_dlx\PXIE93\pcie702_x4_gen2_not_any\src\pcie_wrapper"/>
			<_4 Value="E:\05_dlx\PXIE93\DC0930VideoRxDbg\src"/>
			<_5 Value="E:\dir_dlx\ProjectItemDlx\32_空间中心TES641+FMC131+FMC137\空间中心TES641+FMC131+FMC137-fpga程序\DDR用户示例fpga程序\tes641DdrTest\src\ddr_wrapper"/>
			<_6 Value="E:\05_dlx\PXIE93\pxie93SdmaX3new1\src\pcie_wrapper"/>
			<_7 Value="E:\05_dlx\PXIE93\pxie93SdmaX3new1\src"/>
			<_8 Value="E:\05_dlx\tri_mode_ethernet_mac_0_ex"/>
		</RightMRUSpecs>
		<ShowToolbar Value="False"/>
	</TDirCompareState>
	<THexCompareState>
		<LeftMRUSpecs>
			<_0 Value="E:\05_dlx\pcie731\pcie731\03_demo\win-XdmaMoreB-DDR_exeV2.1.5\b_0_2022-11-08-17-35-20-985.dat"/>
			<_1 Value="E:\05_dlx\pcie731\pcie731\03_demo\win-XdmaMoreB-DDR_exeV2.1.5\b_0_2022-11-08-14-32-00-227.dat"/>
			<_2 Value="E:\05_dlx\pcie731\pcie731\03_demo\win-XdmaMoreB-DDR_exeV2.1.5\b_0_2022-11-08-13-38-12-182.dat"/>
			<_3 Value="E:\05_dlx\pcie731\pcie731\03_demo\win-XdmaMoreB-DDR_exeV2.1.5\b_0_2022-11-08-09-38-41-139.dat"/>
			<_4 Value="C:\Users\Administrator\Desktop\1024x768x8\temp1.dat"/>
		</LeftMRUSpecs>
		<MRUFonts>
			<_0 Value="Consolas;10"/>
		</MRUFonts>
		<RightMRUSpecs>
			<_0 Value="E:\05_dlx\pcie731\pcie731\03_demo\win-XdmaMoreB-DDR_exeV2.1.5\LoopTest.dat"/>
			<_1 Value="C:\Users\Administrator\Desktop\1024x768x8\temp2.dat"/>
		</RightMRUSpecs>
	</THexCompareState>
	<THomeState>
		<SessionType Value="TDirCompareSession"/>
	</THomeState>
	<TTextCompareState>
		<FullEdit Value="False"/>
		<LeftMRUSpecs>
			<_0 Value="D:\wwq\pcie-ydma-linux\ydma_driver\ydma_mod.h"/>
			<_1 Value="D:\wwq\pcie-ydma-linux\ydma_driver\ydma_mod.c"/>
			<_2 Value="D:\wwq\pcie-ydma-linux\ydma_driver\ydma_cdev.h"/>
			<_3 Value="D:\wwq\pcie-ydma-linux\ydma_driver\ydma_cdev.c"/>
			<_4 Value="D:\wwq\pcie-ydma-linux\ydma_driver\Makefile"/>
			<_5 Value="D:\wwq\pcie-ydma-linux\ydma_driver\cdev_sgdma.h"/>
			<_6 Value="D:\wwq\pcie-ydma-linux\ydma_driver\cdev_sgdma.c"/>
			<_7 Value="D:\wwq\pcie-ydma-linux\ydma_driver\cdev_ctrl.h"/>
			<_8 Value="D:\wwq\pcie-ydma-linux\ydma_driver\cdev_ctrl.c"/>
		</LeftMRUSpecs>
		<MRUFonts>
			<_0 Value="Consolas;10"/>
		</MRUFonts>
		<RightMRUSpecs>
			<_0 Value="D:\程序备份\10_PCIE驱动\XDMA\Linux驱动-2020\官方\dma_ip_drivers-master\XDMA\linux-kernel\xdma\xdma_mod.h"/>
			<_1 Value="D:\程序备份\10_PCIE驱动\XDMA\Linux驱动-2020\官方\dma_ip_drivers-master\XDMA\linux-kernel\xdma\xdma_mod.c"/>
			<_2 Value="D:\程序备份\10_PCIE驱动\XDMA\Linux驱动-2020\官方\dma_ip_drivers-master\XDMA\linux-kernel\xdma\xdma_cdev.h"/>
			<_3 Value="D:\程序备份\10_PCIE驱动\XDMA\Linux驱动-2020\官方\dma_ip_drivers-master\XDMA\linux-kernel\xdma\xdma_cdev.c"/>
			<_4 Value="D:\程序备份\10_PCIE驱动\XDMA\Linux驱动-2020\官方\dma_ip_drivers-master\XDMA\linux-kernel\xdma\cdev_ctrl.c"/>
			<_5 Value="D:\程序备份\10_PCIE驱动\XDMA\Linux驱动-2020\官方\dma_ip_drivers-master\XDMA\linux-kernel\xdma\Makefile"/>
			<_6 Value="D:\程序备份\10_PCIE驱动\XDMA\Linux驱动-2020\官方\dma_ip_drivers-master\XDMA\linux-kernel\xdma\cdev_sgdma.h"/>
			<_7 Value="D:\程序备份\10_PCIE驱动\XDMA\Linux驱动-2020\官方\dma_ip_drivers-master\XDMA\linux-kernel\xdma\cdev_sgdma.c"/>
			<_8 Value="D:\程序备份\10_PCIE驱动\XDMA\Linux驱动-2020\官方\dma_ip_drivers-master\XDMA\linux-kernel\xdma\cdev_ctrl.h"/>
		</RightMRUSpecs>
	</TTextCompareState>
</BCState>
